{
    "length": 16233002,
    "mean": {
        "0": NaN,
        "ACK Flag Cnt": 0.3316016857587401,
        "Active Max": 262392.68816156127,
        "Active Mean": 172878.06459754024,
        "Active Min": 115466.01035791161,
        "Active Std": 86441.16095667332,
        "Bwd Blk Rate Avg": 0.0,
        "Bwd Byts/b Avg": 0.0,
        "Bwd Header Len": 133.0934164857492,
        "Bwd IAT Max": 2612949.5557319587,
        "Bwd IAT Mean": 824200.2682485962,
        "Bwd IAT Min": 291230.3820535475,
        "Bwd IAT Std": 851174.9914225354,
        "Bwd IAT Tot": 7597382.37896946,
        "Bwd PSH Flags": 0.0,
        "Bwd Pkt Len Max": 350.1494439537431,
        "Bwd Pkt Len Mean": 113.07591633389806,
        "Bwd Pkt Len Min": 26.478077745871207,
        "Bwd Pkt Len Std": 131.56567269566034,
        "Bwd Pkts/b Avg": 0.0,
        "Bwd Pkts/s": 15316.008933406158,
        "Bwd Seg Size Avg": 113.07591633389806,
        "Bwd URG Flags": 0.0,
        "CWE Flag Count": 0.00016381216536582774,
        "Down/Up Ratio": 0.4964367775673902,
        "Dst Port": 9164.070738363738,
        "ECE Flag Cnt": 0.18739870028755995,
        "FIN Flag Cnt": 0.004795437952994518,
        "Flow Byts/s": Infinity,
        "Flow Duration": 11813804.966119267,
        "Flow IAT Max": 6602691.135057336,
        "Flow IAT Mean": 3335390.4174658507,
        "Flow IAT Min": 2321849.101650083,
        "Flow IAT Std": 1275573.7728146648,
        "Flow Pkts/s": Infinity,
        "Fwd Act Data Pkts": 19.89521315319557,
        "Fwd Blk Rate Avg": 0.0,
        "Fwd Byts/b Avg": 0.0,
        "Fwd Header Len": 257.5401907792533,
        "Fwd IAT Max": 6409618.889227267,
        "Fwd IAT Mean": 3661294.0325965583,
        "Fwd IAT Min": 2409644.2590086544,
        "Fwd IAT Std": 1402964.909542178,
        "Fwd IAT Tot": 11523133.299825627,
        "Fwd PSH Flags": 0.04389550066276041,
        "Fwd Pkt Len Max": 200.7619184670833,
        "Fwd Pkt Len Mean": 50.31272552051678,
        "Fwd Pkt Len Min": 11.076016069263993,
        "Fwd Pkt Len Std": 70.84140598270116,
        "Fwd Pkts/b Avg": 0.0,
        "Fwd Pkts/s": 36672.58505604816,
        "Fwd Seg Size Avg": 50.31272552051678,
        "Fwd Seg Size Min": 17.99266170853672,
        "Fwd URG Flags": 0.00016381216536582774,
        "Idle Max": 5428141.897704935,
        "Idle Mean": 5016956.21147487,
        "Idle Min": 4685629.163033676,
        "Idle Std": 286649.0166814493,
        "Init Bwd Win Byts": 8689.126155223788,
        "Init Fwd Win Byts": 8787.186545532366,
        "PSH Flag Cnt": 0.39208426489752174,
        "Pkt Len Max": 389.3459114956063,
        "Pkt Len Mean": 77.62634132614534,
        "Pkt Len Min": 10.942572313759003,
        "Pkt Len Std": 121.46807103208636,
        "Pkt Len Var": 41170.53091720188,
        "Pkt Size Avg": 89.54040121475991,
        "Protocol": 8.754116644598454,
        "RST Flag Cnt": 0.18739808425855925,
        "SYN Flag Cnt": 0.04389550066276041,
        "Src Port": NaN,
        "Subflow Bwd Byts": 4730.903736967445,
        "Subflow Bwd Pkts": 6.3127032433680474,
        "Subflow Fwd Byts": 973.0360153962896,
        "Subflow Fwd Pkts": 23.53312605086847,
        "Tot Bwd Pkts": 6.3127032433680474,
        "Tot Fwd Pkts": 23.53312605086847,
        "TotLen Bwd Pkts": 4730.926193935047,
        "TotLen Fwd Pkts": 973.0360153962896,
        "URG Flag Cnt": 0.04171304599016097,
    },
    "std": {
        "0": NaN,
        "ACK Flag Cnt": 0.4707887083342223,
        "Active Max": 3319234.721919669,
        "Active Mean": 2505930.3017368554,
        "Active Min": 2114148.014621017,
        "Active Std": 1514577.2886440034,
        "Bwd Blk Rate Avg": 0.0,
        "Bwd Byts/b Avg": 0.0,
        "Bwd Header Len": 3265.494840614817,
        "Bwd IAT Max": 10244261.525933683,
        "Bwd IAT Mean": 4340496.392874697,
        "Bwd IAT Min": 3825442.1549457074,
        "Bwd IAT Std": 3376932.110357952,
        "Bwd IAT Tot": 25862890.27119593,
        "Bwd PSH Flags": 0.0,
        "Bwd Pkt Len Max": 497.42346191984143,
        "Bwd Pkt Len Mean": 164.10569139129333,
        "Bwd Pkt Len Min": 50.97874672487321,
        "Bwd Pkt Len Std": 204.25920005858825,
        "Bwd Pkts/b Avg": 0.0,
        "Bwd Pkts/s": 92420.00976805668,
        "Bwd Seg Size Avg": 164.10569139129333,
        "Bwd URG Flags": 0.0,
        "CWE Flag Count": 0.012797864323750267,
        "Down/Up Ratio": 0.9967273935919184,
        "Dst Port": 18922.239263296386,
        "ECE Flag Cnt": 0.39023124966198214,
        "FIN Flag Cnt": 0.06908286108171532,
        "Flow Byts/s": NaN,
        "Flow Duration": 494011443.86625344,
        "Flow IAT Max": 659509185.4397033,
        "Flow IAT Mean": 222947927.53497526,
        "Flow IAT Min": 747619750.385478,
        "Flow IAT Std": 338112157.3903865,
        "Flow Pkts/s": NaN,
        "Fwd Act Data Pkts": 1519.913858463704,
        "Fwd Blk Rate Avg": 0.0,
        "Fwd Byts/b Avg": 0.0,
        "Fwd Header Len": 12263.497087390675,
        "Fwd IAT Max": 659507184.8615144,
        "Fwd IAT Mean": 222959770.0424696,
        "Fwd IAT Min": 747622772.5604192,
        "Fwd IAT Std": 338118676.4205355,
        "Fwd IAT Tot": 494006222.0930093,
        "Fwd PSH Flags": 0.20486260425400485,
        "Fwd Pkt Len Max": 303.509038482446,
        "Fwd Pkt Len Mean": 60.505613743757316,
        "Fwd Pkt Len Min": 24.229443344967695,
        "Fwd Pkt Len Std": 116.44066149768604,
        "Fwd Pkts/b Avg": 0.0,
        "Fwd Pkts/s": 213324.21162151764,
        "Fwd Seg Size Avg": 60.505613743757316,
        "Fwd Seg Size Min": 7.693844448883533,
        "Fwd URG Flags": 0.012797864323750267,
        "Idle Max": 625369260.4199603,
        "Idle Mean": 263317306.3123575,
        "Idle Min": 63651911.68025177,
        "Idle Std": 169188393.7175111,
        "Init Bwd Win Byts": 20619.30659446116,
        "Init Fwd Win Byts": 16235.583369875723,
        "PSH Flag Cnt": 0.48821531405539953,
        "Pkt Len Max": 514.1581237272388,
        "Pkt Len Mean": 103.70081728049254,
        "Pkt Len Min": 22.619467620835046,
        "Pkt Len Std": 162.53017567577817,
        "Pkt Len Var": 212979.90523480083,
        "Pkt Size Avg": 108.22332260708546,
        "Protocol": 4.920118952746572,
        "RST Flag Cnt": 0.3902307577379125,
        "SYN Flag Cnt": 0.20486260425400485,
        "Src Port": NaN,
        "Subflow Bwd Byts": 234455.45659758837,
        "Subflow Bwd Pkts": 164.02559912261106,
        "Subflow Fwd Byts": 62169.56347304868,
        "Subflow Fwd Pkts": 1521.1340312628477,
        "Tot Bwd Pkts": 164.02559912261106,
        "Tot Fwd Pkts": 1521.1340312628477,
        "TotLen Bwd Pkts": 234465.7469589085,
        "TotLen Fwd Pkts": 62169.56347304868,
        "URG Flag Cnt": 0.1999326577888735,
    },
    "non-stat-columns": ["Timestamp", "Label", "Flow ID", "Dst IP", "Src IP"],
}
