{"length": 16233002, "mean": {"0": NaN, "ACK Flag Cnt": 0.3316016857587401, "Active Max": 262392.66986796405, "Active Mean": 172878.05368544895, "Active Min": 115466.00190500809, "Active Std": 86441.15592581089, "Bwd Blk Rate Avg": 0.0, "Bwd Byts/b Avg": 0.0, "Bwd Header Len": 133.0934238780972, "Bwd IAT Max": 2612949.571849249, "Bwd IAT Mean": 824200.2541341399, "Bwd IAT Min": 291230.36036932666, "Bwd IAT Std": 851175.0055133364, "Bwd IAT Tot": 7597382.754398231, "Bwd PSH Flags": 0.0, "Bwd Pkt Len Max": 350.1494429680967, "Bwd Pkt Len Mean": 113.07592150854167, "Bwd Pkt Len Min": 26.47808033319301, "Bwd Pkt Len Std": 131.56567269566037, "Bwd Pkts/b Avg": 0.0, "Bwd Pkts/s": 15316.009002401404, "Bwd Seg Size Avg": 113.07592150854167, "Bwd URG Flags": 0.0, "CWE Flag Count": 0.00016381216536582774, "Down/Up Ratio": 0.4964367775673902, "Dst Port": 9164.070186401754, "ECE Flag Cnt": 0.18739870028755995, "FIN Flag Cnt": 0.004795437952994519, "Flow Byts/s": Infinity, "Flow Duration": 11813804.299980003, "Flow IAT Max": 6602691.3137037745, "Flow IAT Mean": 3335390.480168733, "Flow IAT Min": 2321848.9643850224, "Flow IAT Std": 1275573.9182803032, "Flow Pkts/s": Infinity, "Fwd Act Data Pkts": 19.895212660372373, "Fwd Blk Rate Avg": 0.0, "Fwd Byts/b Avg": 0.0, "Fwd Header Len": 257.54018732949095, "Fwd IAT Max": 6409618.241760088, "Fwd IAT Mean": 3661294.092397697, "Fwd IAT Min": 2409644.6868265034, "Fwd IAT Std": 1402964.917995082, "Fwd IAT Tot": 11523134.032578817, "Fwd PSH Flags": 0.04389550066276041, "Fwd Pkt Len Max": 200.76191156755849, "Fwd Pkt Len Mean": 50.312724781281986, "Fwd Pkt Len Min": 11.076015946058192, "Fwd Pkt Len Std": 70.84140826200847, "Fwd Pkts/b Avg": 0.0, "Fwd Pkts/s": 36672.58821800182, "Fwd Seg Size Avg": 50.312724781281986, "Fwd Seg Size Min": 17.99266170853672, "Fwd URG Flags": 0.00016381216536582774, "Idle Max": 5428141.700638736, "Idle Mean": 5016956.613807847, "Idle Min": 4685629.291845834, "Idle Std": 286648.99674773647, "Init Bwd Win Byts": 8689.12588959208, "Init Fwd Win Byts": 8787.187381360514, "PSH Flag Cnt": 0.39208426489752174, "Pkt Len Max": 389.3459119884295, "Pkt Len Mean": 77.62634194217435, "Pkt Len Min": 10.942572313759003, "Pkt Len Std": 121.46806980002836, "Pkt Len Var": 41170.5292140049, "Pkt Size Avg": 89.5404036788759, "Protocol": 8.754116644598454, "RST Flag Cnt": 0.18739808425855925, "SYN Flag Cnt": 0.04389550066276041, "Src Port": NaN, "Subflow Bwd Byts": 4730.904000135035, "Subflow Bwd Pkts": 6.3127032433680474, "Subflow Fwd Byts": 973.0359946977153, "Subflow Fwd Pkts": 23.533122108282864, "Tot Bwd Pkts": 6.3127032433680474, "Tot Fwd Pkts": 23.533122108282864, "TotLen Bwd Pkts": 4730.926464987807, "TotLen Fwd Pkts": 973.0359946977153, "URG Flag Cnt": 0.041713045990160985}, "std": {"0": NaN, "ACK Flag Cnt": 0.47043432173508204, "Active Max": 3310165.6321072015, "Active Mean": 2498837.23905846, "Active Min": 2109640.383789551, "Active Std": 1511066.9413010534, "Bwd Blk Rate Avg": 0.0, "Bwd Byts/b Avg": 0.0, "Bwd Header Len": 3263.5533485232577, "Bwd IAT Max": 10258602.254291894, "Bwd IAT Mean": 4332950.992159495, "Bwd IAT Min": 3812241.7984756604, "Bwd IAT Std": 3370821.8691913937, "Bwd IAT Tot": 25876433.753349233, "Bwd PSH Flags": 0.0, "Bwd Pkt Len Max": 497.4989260174068, "Bwd Pkt Len Mean": 164.0833186067598, "Bwd Pkt Len Min": 50.93436466546416, "Bwd Pkt Len Std": 204.24858622871338, "Bwd Pkts/b Avg": 0.0, "Bwd Pkts/s": 92597.77773079109, "Bwd Seg Size Avg": 164.0833186067598, "Bwd URG Flags": 0.0, "CWE Flag Count": 0.012786681877339397, "Down/Up Ratio": 0.9962933002010501, "Dst Port": 18929.8972308993, "ECE Flag Cnt": 0.38958670521242955, "FIN Flag Cnt": 0.06892654618226898, "Flow Byts/s": NaN, "Flow Duration": 493902587.8205926, "Flow IAT Max": 659474587.4521098, "Flow IAT Mean": 222867776.87119374, "Flow IAT Min": 747593203.9837983, "Flow IAT Std": 338109808.9129527, "Flow Pkts/s": NaN, "Fwd Act Data Pkts": 1519.032728945105, "Fwd Blk Rate Avg": 0.0, "Fwd Byts/b Avg": 0.0, "Fwd Header Len": 12256.284802371634, "Fwd IAT Max": 659472958.3268256, "Fwd IAT Mean": 222880221.33551654, "Fwd IAT Min": 747596057.447009, "Fwd IAT Std": 338115751.9093711, "Fwd IAT Tot": 493896260.70401764, "Fwd PSH Flags": 0.2050230338340541, "Fwd Pkt Len Max": 303.56105359245055, "Fwd Pkt Len Mean": 60.43533269006692, "Fwd Pkt Len Min": 24.21796494088715, "Fwd Pkt Len Std": 116.37770221089758, "Fwd Pkts/b Avg": 0.0, "Fwd Pkts/s": 212706.7845850333, "Fwd Seg Size Avg": 60.43533269006692, "Fwd Seg Size Min": 7.688323347089823, "Fwd URG Flags": 0.012786681877339397, "Idle Max": 625337810.9748755, "Idle Mean": 263245616.6704501, "Idle Min": 63584214.49582969, "Idle Std": 169187275.08646464, "Init Bwd Win Byts": 20631.52752624846, "Init Fwd Win Byts": 16235.676269405254, "PSH Flag Cnt": 0.4888441786867612, "Pkt Len Max": 514.2121266813643, "Pkt Len Mean": 103.65240681401, "Pkt Len Min": 22.623977564995034, "Pkt Len Std": 162.50991171245863, "Pkt Len Var": 212998.45653504427, "Pkt Size Avg": 108.14027344314154, "Protocol": 4.917742114872776, "RST Flag Cnt": 0.38958626502957494, "SYN Flag Cnt": 0.2050230338340541, "Src Port": NaN, "Subflow Bwd Byts": 234401.13036624217, "Subflow Bwd Pkts": 163.94407977789007, "Subflow Fwd Byts": 62146.11915994006, "Subflow Fwd Pkts": 1520.2715047538834, "Tot Bwd Pkts": 163.94407977789007, "Tot Fwd Pkts": 1520.2715047538834, "TotLen Bwd Pkts": 234411.42536982073, "TotLen Fwd Pkts": 62146.11915994006, "URG Flag Cnt": 0.20008166041970962}, "non-stat-columns": ["Timestamp", "Label", "Flow ID", "Dst IP", "Src IP"]}